{
    "version": 1,
    "width": 167,
    "height": 49,
    "duration": 18.556127,
    "command": null,
    "title": null,
    "env": {
        "TERM": "xterm-256color",
        "SHELL": "/bin/bash"
    },
    "stdout": [
        [
            0.009927,
            "\u001b[?1034hbash-3.2$ "
        ],
        [
            1.5,
            "k"
        ],
        [
            0.078255,
            "c"
        ],
        [
            0.236244,
            "t"
        ],
        [
            0.146225,
            "x"
        ],
        [
            0.483645,
            "\r\n"
        ],
        [
            0.279071,
            "minikube\r\n\u001b[40m\u001b[33mopendc.aws\u001b(B\u001b[m\r\n"
        ],
        [
            3.2e-05,
            "opendc.do\r\nopendc.local\r\n"
        ],
        [
            0.000389,
            "bash-3.2$ "
        ],
        [
            1.5,
            "k"
        ],
        [
            0.190713,
            "c"
        ],
        [
            0.303712,
            "t"
        ],
        [
            0.067388,
            "x"
        ],
        [
            0.089809,
            " "
        ],
        [
            1.13701,
            "o"
        ],
        [
            0.135128,
            "p"
        ],
        [
            0.111688,
            "e"
        ],
        [
            0.180174,
            "n"
        ],
        [
            0.05602,
            "d"
        ],
        [
            0.146365,
            "c"
        ],
        [
            1.5,
            "."
        ],
        [
            0.258334,
            "l"
        ],
        [
            0.134899,
            "o"
        ],
        [
            0.033713,
            "c"
        ],
        [
            0.202485,
            "a"
        ],
        [
            0.123605,
            "l"
        ],
        [
            0.450458,
            "\r\n"
        ],
        [
            0.273167,
            "Switched to context \"opendc.local\".\r\n"
        ],
        [
            0.006701,
            "bash-3.2$ "
        ],
        [
            1.407971,
            "k"
        ],
        [
            0.179665,
            "n"
        ],
        [
            0.078538,
            "s"
        ],
        [
            0.168864,
            "\r\n"
        ],
        [
            0.495701,
            "default\r\nkube-public\r\n"
        ],
        [
            2.7e-05,
            "kube-system\r\n\u001b[40m\u001b[33mrook\u001b(B\u001b[m\r\nutils\r\n"
        ],
        [
            0.000415,
            "bash-3.2$ "
        ],
        [
            1.5,
            "k"
        ],
        [
            0.258067,
            "n"
        ],
        [
            0.055959,
            "s"
        ],
        [
            0.112642,
            " "
        ],
        [
            1.17081,
            "u"
        ],
        [
            0.134011,
            "t"
        ],
        [
            0.112723,
            "i"
        ],
        [
            0.179908,
            "l"
        ],
        [
            0.067539,
            "s"
        ],
        [
            0.304384,
            "\r\n"
        ],
        [
            0.623,
            "Context \"opendc.local\" modified.\r\n"
        ],
        [
            0.00241,
            "Active namespace is \"utils\".\r\n"
        ],
        [
            0.005233,
            "bash-3.2$ "
        ],
        [
            0.112598,
            "\r\n"
        ]
    ]
}