{
    "version": 1,
    "width": 167,
    "height": 49,
    "duration": 14.563217,
    "command": null,
    "title": null,
    "env": {
        "TERM": "xterm-256color",
        "SHELL": "/bin/bash"
    },
    "stdout": [
        [
            0.009542,
            "\u001b[?1034hbash-3.2$ "
        ],
        [
            0.862668,
            "k"
        ],
        [
            0.168071,
            "u"
        ],
        [
            0.168728,
            "b"
        ],
        [
            0.056202,
            "e"
        ],
        [
            0.28123,
            "t"
        ],
        [
            0.41645,
            "a"
        ],
        [
            0.123486,
            "i"
        ],
        [
            0.19143,
            "l"
        ],
        [
            0.168727,
            " "
        ],
        [
            1.057685,
            "k"
        ],
        [
            0.168543,
            "u"
        ],
        [
            0.146415,
            "b"
        ],
        [
            0.044822,
            "e"
        ],
        [
            0.416383,
            "-"
        ],
        [
            0.517475,
            "d"
        ],
        [
            0.191262,
            "n"
        ],
        [
            0.056048,
            "s"
        ],
        [
            0.168889,
            " "
        ],
        [
            0.281224,
            "-"
        ],
        [
            0.247699,
            "n"
        ],
        [
            0.078539,
            " "
        ],
        [
            0.236341,
            "k"
        ],
        [
            0.19114,
            "u"
        ],
        [
            0.168979,
            "b"
        ],
        [
            0.044774,
            "e"
        ],
        [
            0.382615,
            "-"
        ],
        [
            0.112684,
            "s"
        ],
        [
            0.134717,
            "y"
        ],
        [
            0.045132,
            "s"
        ],
        [
            0.101063,
            "t"
        ],
        [
            0.033677,
            "e"
        ],
        [
            0.191431,
            "m"
        ],
        [
            0.51809,
            "\r\n"
        ],
        [
            1.5,
            "Will tail 6 logs...\r\n"
        ],
        [
            8.1e-05,
            "\u001b[31mkube-dns-2712020956-g0tj5 kubedns\u001b(B\u001b[m\r\n\u001b[32mkube-dns-2712020956-g0tj5 dnsmasq\u001b(B\u001b[m\r\n"
        ],
        [
            2.7e-05,
            "\u001b[33mkube-dns-2712020956-g0tj5 sidecar\u001b(B\u001b[m\r\n\u001b[34mkube-dns-2712020956-lzp4s kubedns\u001b(B\u001b[m\r\n\u001b[35mkube-dns-2712020956-lzp4s dnsmasq\u001b(B\u001b[m\r\n\u001b[36mkube-dns-2712020956-lzp4s sidecar\u001b(B\u001b[m\r\n"
        ],
        [
            1.5,
            "\u001b[31m[kube-dns-2712020956-g0tj5 kubedns] I1003 22:22:57.311602       1 dns.go:264] New service: kubernetes-dashboard \u001b(B\u001b[m\r\n\u001b[31m[kube-dns-2712020956-g0tj5 kubedns] I1003 22:22:57.311724       1 dns.go:264] New service: kubernetes \u001b(B\u001b[m\r\n"
        ],
        [
            8e-05,
            "\u001b[31m[kube-dns-2712020956-g0tj5 kubedns] I1003 22:22:57.311756       1 dns.go:462] Added SRV record &{Host:kubernetes.default.svc.cluster.local. Port:443 Priority:10 Weight:10 Text: Mail:false Ttl:30 TargetStrip:0 Group: Key:} \u001b(B\u001b[m\r\n"
        ],
        [
            7.9e-05,
            "\u001b[31m[kube-dns-2712020956-g0tj5 kubedns] I1003 22:22:57.311788       1 dns.go:264] New service: prometheus-prometheus-kube-state-metrics \u001b(B\u001b[m\r\n"
        ],
        [
            0.000113,
            "\u001b[31m[kube-dns-2712020956-g0tj5 kubedns] I1003 22:22:57.311817       1 dns.go:494] Added SRV record &{Host:3335663562663330.prometheus-prometheus-kube-state-metrics.utils.svc.cluster.local. Port:8080 Priority:10 Weight:10 Text: Mail:false Ttl:30 TargetStrip:0 Group: Key:} \u001b(B\u001b[m\r\n"
        ],
        [
            4.1e-05,
            "\u001b[31m[kube-dns-2712020956-g0tj5 kubedns] I1003 22:22:57.311839       1 dns.go:264] New service: grafana-grafana \u001b(B\u001b[m\r\n"
        ],
        [
            0.000117,
            "\u001b[31m[kube-dns-2712020956-g0tj5 kubedns] I1003 22:22:57.311863       1 dns.go:462] Added SRV record &{Host:grafana-grafana.utils.svc.cluster.local. Port:80 Priority:10 Weight:10 Text: Mail:false Ttl:30 TargetStrip:0 Group: Key:} \u001b(B\u001b[m\r\n"
        ],
        [
            5.7e-05,
            "\u001b[31m[kube-dns-2712020956-g0tj5 kubedns] I1003 22:22:57.311886       1 dns.go:264] New service: docker-registry-docker-registry \u001b(B\u001b[m\r\n"
        ],
        [
            0.000114,
            "\u001b[31m[kube-dns-2712020956-g0tj5 kubedns] I1003 22:22:57.311907       1 dns.go:462] Added SRV record &{Host:docker-registry-docker-registry.utils.svc.cluster.local. Port:4000 Priority:10 Weight:10 Text: Mail:false Ttl:30 TargetStrip:0 Group: Key:} \u001b(B\u001b[m\r\n"
        ],
        [
            4.3e-05,
            "\u001b[31m[kube-dns-2712020956-g0tj5 kubedns] I1003 22:22:57.311927       1 dns.go:264] New service: chartmuseum-chartmuseum \u001b(B\u001b[m\r\n"
        ],
        [
            0.00011,
            "\u001b[31m[kube-dns-2712020956-g0tj5 kubedns] I1003 22:22:57.311947       1 dns.go:462] Added SRV record &{Host:chartmuseum-chartmuseum.utils.svc.cluster.local. Port:8080 Priority:10 Weight:10 Text: Mail:false Ttl:30 TargetStrip:0 Group: Key:} \u001b(B\u001b[m\r\n"
        ],
        [
            6e-05,
            "\u001b[31m[kube-dns-2712020956-g0tj5 kubedns] I1003 22:22:57.311971       1 dns.go:264] New service: ingress-nginx-ingress-controller \u001b(B\u001b[m\r\n"
        ],
        [
            9.8e-05,
            "\u001b[31m[kube-dns-2712020956-g0tj5 kubedns] I1003 22:22:57.311992       1 dns.go:462] Added SRV record &{Host:ingress-nginx-ingress-controller.utils.svc.cluster.local. Port:80 Priority:10 Weight:10 Text: Mail:false Ttl:30 TargetStrip:0 Group: Key:} \u001b(B\u001b[m\r\n"
        ],
        [
            0.000108,
            "\u001b[31m[kube-dns-2712020956-g0tj5 kubedns] I1003 22:22:57.312009       1 dns.go:462] Added SRV record &{Host:ingress-nginx-ingress-controller.utils.svc.cluster.local. Port:443 Priority:10 Weight:10 Text: Mail:false Ttl:30 TargetStrip:0 Group: Key:} \u001b(B\u001b[m\r\n"
        ],
        [
            5.2e-05,
            "\u001b[31m[kube-dns-2712020956-g0tj5 kubedns] I1003 22:22:57.312027       1 dns.go:264] New service: heapster \u001b(B\u001b[m\r\n"
        ],
        [
            5.1e-05,
            "\u001b[31m[kube-dns-2712020956-g0tj5 kubedns] I1003 22:22:57.312049       1 dns.go:264] New service: blogs-mariadb \u001b(B\u001b[m\r\n"
        ],
        [
            9.8e-05,
            "\u001b[31m[kube-dns-2712020956-g0tj5 kubedns] I1003 22:22:57.312068       1 dns.go:462] Added SRV record &{Host:blogs-mariadb.ghost.svc.cluster.local. Port:3306 Priority:10 Weight:10 Text: Mail:false Ttl:30 TargetStrip:0 Group: Key:} \u001b(B\u001b[m\r\n"
        ],
        [
            0.00041,
            "\u001b[31m[kube-dns-2712020956-g0tj5 kubedns] I1003 22:22:57.312092       1 dns.go:264] New service: ghost-k8s-meetup-ghost \u001b(B\u001b[m\r\n"
        ],
        [
            0.000109,
            "\u001b[31m[kube-dns-2712020956-g0tj5 kubedns] I1003 22:22:57.312112       1 dns.go:462] Added SRV record &{Host:ghost-k8s-meetup-ghost.ghost.svc.cluster.local. Port:80 Priority:10 Weight:10 Text: Mail:false Ttl:30 TargetStrip:0 Group: Key:} \u001b(B\u001b[m\r\n"
        ],
        [
            6.3e-05,
            "\u001b[31m[kube-dns-2712020956-g0tj5 kubedns] I1003 22:22:57.312131       1 dns.go:264] New service: artifactory \u001b(B\u001b[m\r\n"
        ],
        [
            9e-05,
